{
 "mdsDat": {
 "x": [ 0.1295165, -0.2907563, 0.1612397 ],
"y": [ -0.1766467, 0.0123979, 0.1642488 ],
"topics": [ 1, 2, 3 ],
"Freq": [ 33.81631, 33.23182, 32.95187 ],
"cluster": [        1,        1,        1 ] 
},
"tinfo": {
 "Term": [ "適合", "地方", "地形", "風景", "景觀", "世界", "沒有", "不錯", "景點", "特別", "特殊", "地貌", "很多", "中午", "值得", "步道", null, null, null, null, null, null, null, null, null, null, null, null, null, null, "地形", "世界", "沒有", "地貌", "特殊", "中午", "步道", "景點", "值得", "特別", "不錯", "很多", "景觀", "風景", "地方", "適合", null, "地方", "風景", "景觀", "很多", "值得", "中午", "步道", "特別", "地貌", "世界", "沒有", "特殊", "不錯", "景點", "適合", "地形", null, "適合", "不錯", "景點", "特別", "特殊", "地貌", "值得", "很多", "步道", "中午", "世界", "沒有", "景觀", "風景", "地方", "地形", null ],
"logprob": [       30,       29,       28,       27,       26,       25,       24,       23,       22,       21,       20,       19,       18,       17,       16,       15,       14,       13,       12,       11,       10,        9,        8,        7,        6,        5,        4,        3,        2,        1,  -1.2968,  -2.0745,  -2.0745,  -2.5724,  -2.5724,  -2.9618,  -2.0745,  -2.9618,  -3.6085,  -3.6085,  -3.6085,  -6.0064,  -6.0064,  -6.0064,  -6.0064,  -6.0064, null,  -1.2853,  -1.5931,  -2.0399,   -2.589,  -2.3708,  -2.8686,  -2.0399,  -3.9047,  -6.3026,  -6.3026,  -6.3026,  -6.3026,  -6.3026,  -6.3026,  -6.3026,  -6.3026, null,  -1.2719,  -1.8705,  -1.8705,  -2.0496,  -2.5474,  -2.9369,  -2.9369,  -3.5835,  -2.9369,  -5.9814,  -5.9814,  -5.9814,  -5.9814,  -5.9814,  -5.9814,  -5.9814, null ],
"loglift": [       30,       29,       28,       27,       26,       25,       24,       23,       22,       21,       20,       19,       18,       17,       16,       15,       14,       13,       12,       11,       10,        9,        8,        7,        6,        5,        4,        3,        2,        1,   1.0688,   1.0509,   1.0509,   0.5534,   0.3798,   0.3299,   0.1969,  -0.2861,  -0.7556,  -0.7662,  -0.8038,  -2.6522,  -2.9026,  -3.3359,  -3.6373,  -3.6398, null,   1.0837,   1.0773,   1.0639,   0.7651,   0.4821,   0.4231,   0.2315,  -1.0625,  -3.1769,  -3.1772,  -3.1772,  -3.3504,   -3.498,  -3.6269,  -3.9361,   -3.937, null,   1.0946,   0.9341,   0.8052,   0.7926,   0.4048,   0.1889,   -0.084,  -0.2294,  -0.6655,  -2.6897,   -2.856,   -2.856,  -2.8776,   -3.311,  -3.6124,  -3.6158, null ],
"Freq": [       12,       12,       12,        8,        5,        5,        5,        7,        8,        7,        6,        5,        4,        4,        7,       13, null, null, null, null, null, null, null, null, null, null, null, null, null, null, 12.01895,  5.52222,  5.52222, 3.356644, 3.356644, 2.273855,  5.52222, 2.273855, 1.191067, 1.191067, 1.191067, 0.1082788, 0.1082788, 0.1082788, 0.1082788, 0.1082788, null, 11.94763, 8.782696, 5.617761, 3.244059, 4.035293, 2.452825, 5.617761, 0.8703573, 0.07912339, 0.07912339, 0.07912339, 0.07912339, 0.07912339, 0.07912339, 0.07912339, 0.07912339, null, 12.00746, 6.598694, 6.598694, 5.516941, 3.353435, 2.271682, 2.271682, 1.189929, 2.271682, 0.1081753, 0.1081753, 0.1081753, 0.1081753, 0.1081753, 0.1081753, 0.1081753, null ],
"Total": [       12,       12,       12,        8,        5,        5,        5,        7,        8,        7,        6,        5,        4,        4,        7,       13, null, null, null, null, null, null, null, null, null, null, null, null, null, null, 12.20625, 5.709519, 5.709519, 5.707449, 6.789202, 4.834856, 13.41166, 8.951673, 7.498042, 7.578366, 7.868885, 4.542266, 5.834215,  8.99915, 12.16409, 12.19486, null, 12.16409,  8.99915, 5.834215, 4.542266, 7.498042, 4.834856, 13.41166, 7.578366, 5.707449, 5.709519, 5.709519, 6.789202, 7.868885, 8.951673, 12.19486, 12.20625, null, 12.19486, 7.868885, 8.951673, 7.578366, 6.789202, 5.707449, 7.498042, 4.542266, 13.41166, 4.834856, 5.709519, 5.709519, 5.834215,  8.99915, 12.16409, 12.20625, null ],
"Category": [ "Default", "Default", "Default", "Default", "Default", "Default", "Default", "Default", "Default", "Default", "Default", "Default", "Default", "Default", "Default", "Default", "Default", "Default", "Default", "Default", "Default", "Default", "Default", "Default", "Default", "Default", "Default", "Default", "Default", "Default", "Topic1", "Topic1", "Topic1", "Topic1", "Topic1", "Topic1", "Topic1", "Topic1", "Topic1", "Topic1", "Topic1", "Topic1", "Topic1", "Topic1", "Topic1", "Topic1", "Topic1", "Topic2", "Topic2", "Topic2", "Topic2", "Topic2", "Topic2", "Topic2", "Topic2", "Topic2", "Topic2", "Topic2", "Topic2", "Topic2", "Topic2", "Topic2", "Topic2", "Topic2", "Topic3", "Topic3", "Topic3", "Topic3", "Topic3", "Topic3", "Topic3", "Topic3", "Topic3", "Topic3", "Topic3", "Topic3", "Topic3", "Topic3", "Topic3", "Topic3", "Topic3" ] 
},
"token.table": {
 "Term": [ "不錯", "不錯", "中午", "中午", "世界", "地方", "地形", "地貌", "地貌", "步道", "步道", "步道", "沒有", "很多", "很多", "風景", "值得", "值得", "值得", "特別", "特別", "特別", "特殊", "特殊", "景點", "景點", "景觀", "適合" ],
"Topic": [ 1, 3, 1, 2, 1, 2, 1, 1, 3, 1, 2, 3, 1, 2, 3, 2, 1, 2, 3, 1, 2, 3, 1, 3, 1, 3, 2, 3 ],
"Freq": [ 0.1270828, 0.8895797, 0.4136628, 0.4136628, 1.050877, 0.9865106, 0.9831031, 0.5256289, 0.3504193, 0.4473718, 0.4473718, 0.1491239, 1.050877, 0.6604633, 0.2201544, 1.000094, 0.1333682, 0.5334726, 0.2667363, 0.1319546, 0.1319546, 0.7917274, 0.4418782, 0.4418782, 0.2234219, 0.7819767, 1.028416, 0.9840209 ] 
},
"R":       30,
"lambda.step":     0.01,
"plot.opts": {
 "xlab": "PC1",
"ylab": "PC2" 
},
"topic.order": [ 1, 2, 3 ] 
}