{
 "mdsDat": {
 "x": [ 0.3392909, -0.1128615, -0.2264293 ],
"y": [ 0.05925339, -0.2951614, 0.235908 ],
"topics": [ 1, 2, 3 ],
"Freq": [ 38.00208, 32.46518, 29.53274 ],
"cluster": [        1,        1,        1 ] 
},
"tinfo": {
 "Term": [ "適合", "蚊子", "一線天", "走走", "景觀", "峽谷", "值得", "不錯", "分鐘", "景點", "沒有", "地方", "鬼斧神工", "步道", "天然", "有點", "很多", "開車", "漂亮", "石灰岩", "不好", "景色", "風景", "大自然", "小心", "看到", "環境", "奇特", "朝元寺", "特別", "峽谷", "分鐘", "鬼斧神工", "石灰岩", "大自然", "看到", "朝元寺", "岩壁", "入口", "進入", "碧水", "10", "上去", "公尺", "母乳", "步行", "峭壁", "盤龍", "形成", "珊瑚礁", "一圈", "大概", "大約", "兩側", "奇景", "雨水", "容易", "高聳", "廟宇", "瘦身", "適合", "走走", "天然", "有點", "開車", "不好", "景色", "環境", "探險", "路線", "附近", "很棒", "散步", "減肥", "好玩", "健行", "不會", "方便", "走路", "拍照", "情人", "運動", "比較", "欣賞", "清幽", "會車", "自然景觀", "停車", "看看", "建議", "蚊子", "景觀", "值得", "沒有", "步道", "漂亮", "小心", "奇特", "不大", "可惜", "涼爽", "感覺", "幽靜", "美景", "特色", "一遊", "很漂亮", "蚊蟲", "沒什麼", "蚊液", "很多", "注意", "風景", "非常", "特殊", "不錯", "特別", "景點", "進去", "地方", "一線天", "地方", "地形", "景點", "一線天", "到達", "不錯", "不長", "大崗山", "地形", "壯觀", "特別", "到達", "路程", "鐘乳石", "自然", "不長" ],
"logprob": [       30,       29,       28,       27,       26,       25,       24,       23,       22,       21,       20,       19,       18,       17,       16,       15,       14,       13,       12,       11,       10,        9,        8,        7,        6,        5,        4,        3,        2,        1,  -2.9765,  -3.1586,  -3.2639,   -3.446,  -3.5149,  -3.5889,  -3.6688,  -3.7557,  -3.8508,  -3.8508,  -3.8508,  -3.9559,  -3.9559,  -3.9559,  -3.9559,  -3.9559,  -3.9559,  -3.9559,  -4.0734,  -4.0734,  -4.2066,  -4.2066,  -4.3603,  -4.3603,  -4.3603,  -4.3603,  -4.3603,  -4.3603,  -4.3603,  -4.3603,  -2.5479,  -2.9224,  -3.3049,  -3.3049,  -3.3738,  -3.4478,  -3.4478,  -3.6146,  -3.7097,  -3.8149,  -3.9324,  -3.9324,  -3.9324,  -3.9324,  -4.0655,  -4.0655,  -4.2192,  -4.2192,  -4.2192,  -4.2192,  -4.2192,  -4.2192,  -4.4009,  -4.4009,  -4.4009,  -4.4009,  -3.8149,  -4.2192,  -4.0655,  -4.2192,  -2.6336,  -2.9335,  -2.9847,  -3.2208,  -3.2897,  -3.3637,  -3.5305,  -3.6256,  -3.8483,  -3.8483,  -3.8483,  -3.8483,  -3.9815,  -3.9815,  -3.9815,  -4.1351,  -4.1351,  -4.1351,  -4.3168,  -4.3168,  -3.2208,  -4.1351,  -3.1564,  -3.4437,  -3.9815,  -2.6714,  -3.2897,  -2.8848,  -4.5389,  -3.1564,  -2.2429,  -2.9688,  -4.1351,  -3.1228,  -2.8354,  -3.8508,  -3.3738,  -3.9324,  -4.0734,  -4.0734,  -4.0655,  -3.9559,  -4.0655,  -4.3603,  -4.2192,  -4.2192,  -4.3168 ],
"loglift": [       30,       29,       28,       27,       26,       25,       24,       23,       22,       21,       20,       19,       18,       17,       16,       15,       14,       13,       12,       11,       10,        9,        8,        7,        6,        5,        4,        3,        2,        1,   0.9659,   0.9656,   0.9654,   0.9649,   0.9647,   0.9645,   0.9643,    0.964,   0.9636,   0.9636,   0.9636,   0.9632,   0.9632,   0.9632,   0.9632,   0.9632,   0.9632,   0.9632,   0.9627,   0.9627,    0.962,    0.962,    0.961,    0.961,    0.961,    0.961,    0.961,    0.961,    0.961,    0.961,   1.1237,   1.1232,   1.1223,   1.1223,   1.1221,   1.1219,   1.1219,   1.1214,    1.121,   1.1206,     1.12,     1.12,     1.12,     1.12,   1.1193,   1.1193,   1.1184,   1.1184,   1.1184,   1.1184,   1.1184,   1.1184,    1.117,    1.117,    1.117,    1.117,   1.0169,   0.9633,   0.8692,   0.8291,   1.2182,   1.2176,   1.2175,    1.217,   1.2168,   1.2165,    1.216,   1.2156,   1.2146,   1.2146,   1.2146,   1.2146,   1.2139,   1.2139,   1.2139,   1.2129,   1.2129,   1.2129,   1.2116,   1.2116,    1.151,   1.0587,   0.9893,   0.9887,   0.8517,   0.7844,   0.7114,   0.5951,   0.5105,   0.3749,   0.5804,   0.5625,   0.3559,   0.3571,  -0.0121,   0.4421,    0.082,   0.6414,   0.6535,   0.4176,   0.6742,   0.0452,   0.2274,   0.6799,    0.605,   0.7107,    0.257 ],
"Freq": [       31,       26,       74,       21,       19,       24,       18,       39,       20,       38,       14,       36,       18,       13,       14,       14,       15,       13,       12,       15,       12,       12,       19,       14,       10,       13,       10,        9,       12,       22, 24.21298, 20.18084, 18.16477, 15.14067, 14.13264,  13.1246, 12.11657, 11.10854,  10.1005,  10.1005,  10.1005, 9.092467, 9.092467, 9.092467, 9.092467, 9.092467, 9.092467, 9.092467, 8.084433, 8.084433, 7.076399, 7.076399, 6.068365, 6.068365, 6.068365, 6.068365, 6.068365, 6.068365, 6.068365, 6.068365,   31.752,  21.8357, 14.89428, 14.89428, 13.90265, 12.91102, 12.91102, 10.92776, 9.936134, 8.944504, 7.952874, 7.952874, 7.952874, 7.952874, 6.961244, 6.961244, 5.969613, 5.969613, 5.969613, 5.969613, 5.969613, 5.969613, 4.977983, 4.977983, 4.977983, 4.977983, 8.944504, 5.969613, 6.961244, 5.969613, 26.51149, 19.64323, 18.66205, 14.73733, 13.75615, 12.77497, 10.81261, 9.831428, 7.869067, 7.869067, 7.869067, 7.869067, 6.887886, 6.887886, 6.887886, 5.906706, 5.906706, 5.906706, 4.925526, 4.925526, 14.73733, 5.906706, 15.71851, 11.79379, 6.887886, 25.53031, 13.75615, 20.62441, 3.944345, 15.71851, 50.42186, 20.84407, 5.906706, 17.86918, 23.81896,  10.1005, 13.90265, 7.952874, 8.084433, 8.084433, 6.961244, 9.092467, 6.961244, 6.068365, 5.969613, 5.969613, 4.925526 ],
"Total": [       31,       26,       74,       21,       19,       24,       18,       39,       20,       38,       14,       36,       18,       13,       14,       14,       15,       13,       12,       15,       12,       12,       19,       14,       10,       13,       10,        9,       12,       22, 24.25243,  20.2203, 18.20423, 15.18013, 14.17209, 13.16406, 12.15603, 11.14799, 10.13996, 10.13996, 10.13996, 9.131923, 9.131923, 9.131923, 9.131923, 9.131923, 9.131923, 9.131923, 8.123889, 8.123889, 7.115855, 7.115855, 6.107821, 6.107821, 6.107821, 6.107821, 6.107821, 6.107821, 6.107821, 6.107821, 31.79178, 21.87548, 14.93407, 14.93407, 13.94244, 12.95081, 12.95081, 10.96755, 9.975918, 8.984288, 7.992658, 7.992658, 7.992658, 7.992658, 7.001028, 7.001028, 6.009398, 6.009398, 6.009398, 6.009398, 6.009398, 6.009398, 5.017768, 5.017768, 5.017768, 5.017768, 9.965469, 7.017432, 8.990242, 8.025466, 26.55149, 19.68322, 18.70204, 14.77732, 13.79614, 12.81496,  10.8526, 9.871421,  7.90906,  7.90906,  7.90906,  7.90906,  6.92788,  6.92788,  6.92788, 5.946699, 5.946699, 5.946699, 4.965519, 4.965519, 15.78536, 6.938329, 19.79064, 14.85788, 9.951982, 39.45313, 22.86845, 38.51375, 8.016475, 36.58274, 74.26044, 36.58274, 14.01097, 38.51375, 74.26044, 17.08137, 39.45313, 12.89856, 11.06743, 14.01097, 10.92575, 22.86845, 17.08137, 8.091082, 10.04153,   9.0335, 12.89856 ],