{
 "mdsDat": {
 "x": [ 0.06276865, -0.3082649, 0.2454963 ],
"y": [ 0.2994474, -0.0988103, -0.2006371 ],
"topics": [ 1, 2, 3 ],
"Freq": [ 33.91358, 33.13782,  32.9486 ],
"cluster": [        1,        1,        1 ] 
},
"tinfo": {
 "Term": [ "石頭", "素食", "地方", "好吃", "提供", "建築", "廟宇", "特別", "免費", "非常", "貝殼", "很多", "不錯", "特色", "適合", "師父", "隨喜", "特殊", "素齋", "停車", "值得", "感覺", "香油錢", "方便", "廟方", "走走", "風景", "菜色", "寺廟", "環境", "建築", "很多", "感覺", "寺廟", "沒有", "享用", "天宮", "假日", "用心", "文物", "偏僻", "菩薩", "外觀", "平安", "信徒", "建議", "隨意", "石頭", "風格", "全家", "泰勞", "神明", "排隊", "獨特", "齋菜", "民國", "報恩", "結緣", "裡面", "用膳", "好吃", "師父", "素齋", "香油錢", "廟方", "風景", "菜色", "環境", "中午", "記得", "休閒", "喜歡", "看到", "提供", "休息", "地點", "參拜", "餐廳", "比較", "膳食", "宮廟", "推薦", "佛心", "料理", "素餐", "豐盛", "充滿", "供奉", "感受", "漂亮", "地方", "非常", "適合", "停車", "走走", "一間", "有點", "泡茶", "造型", "美味", "宗教", "相當", "師姐", "建造", "悠閒", "好去處", "香客", "覺得", "使用", "不用", "美食", "觀光", "善心", "位於", "東西", "蕃薯", "30", "希望", "油香", "很漂亮", "特殊", "素食", "值得", "隨喜", "功德", "方便", "貝殼", "而成", "慈悲", "不錯", "免費", "特別", "齋飯", "廟宇", "特色", "放鬆", "餐點", "奇特", "豐富", "清幽", "慈玄聖", "景點", "供應", "素菜", "地瓜", "很棒", "拜拜", "住持", "午餐", "收驚", "親切", "廟宇", "供應", "特別", "免費", "特色", "故事", "珊瑚" ],
"logprob": [       30,       29,       28,       27,       26,       25,       24,       23,       22,       21,       20,       19,       18,       17,       16,       15,       14,       13,       12,       11,       10,        9,        8,        7,        6,        5,        4,        3,        2,        1,  -2.9085,  -3.4873,  -3.7901,  -4.0044,  -4.0451,  -4.0875,  -4.3882,  -4.3882,  -4.5126,  -4.5811,  -4.6547,  -4.6547,  -4.8204,  -4.8204,  -4.8204,  -4.8204,  -4.8204,  -2.0619,  -4.9148,   -5.019,   -5.019,   -5.019,   -5.019,   -5.019,   -5.019,  -5.1354,  -5.1354,  -5.1354,  -5.1354,  -5.2672,  -2.7258,  -3.6193,  -3.7302,  -3.8549,  -3.9237,  -3.9975,  -3.9975,  -4.0366,  -4.2102,  -4.4204,  -4.4806,  -4.5448,  -4.6133,  -2.8515,  -4.6869,  -4.6869,  -4.6869,  -4.6869,  -4.7663,  -4.7663,  -4.9469,  -5.0512,  -5.1676,  -5.1676,  -5.1676,  -5.1676,  -5.2994,  -5.2994,  -5.2994,  -5.2994,  -2.4433,  -3.1695,  -3.5655,  -3.7628,  -3.9697,  -4.0918,  -4.1824,   -4.282,   -4.282,  -4.4528,   -4.517,   -4.517,  -4.5855,   -4.659,   -4.659,  -4.7384,  -4.7384,  -4.7384,  -4.8247,  -4.9191,  -4.9191,  -4.9191,  -5.0234,  -5.1398,  -5.1398,  -5.1398,  -5.2716,  -5.2716,  -5.2716,  -5.2716,  -3.5871,  -2.2684,  -3.7024,   -3.473,  -4.1639,  -3.7628,  -3.2551,  -4.2776,  -4.3314,  -3.2323,  -2.7585,  -2.7088,  -4.4528,  -2.5579,  -2.9632,  -4.6869,  -4.0044,  -4.3357,  -4.5855,  -4.6133,  -4.7341,  -3.9321,  -3.8566,  -4.7663,  -4.0494,  -4.3926,  -4.4528,  -4.7341,  -4.3357,  -4.7663,  -4.7341,  -4.0044,  -4.6133,  -4.4204,  -4.5811,  -4.4528,   -4.659,  -4.7384 ],
"loglift": [       30,       29,       28,       27,       26,       25,       24,       23,       22,       21,       20,       19,       18,       17,       16,       15,       14,       13,       12,       11,       10,        9,        8,        7,        6,        5,        4,        3,        2,        1,   1.0788,   1.0768,   1.0752,   1.0738,   1.0734,   1.0731,   1.0702,   1.0702,   1.0688,   1.0679,   1.0669,   1.0669,   1.0643,   1.0643,   1.0643,   1.0643,   1.0643,   1.0642,   1.0626,   1.0605,   1.0605,   1.0605,   1.0605,   1.0605,   1.0605,    1.058,    1.058,    1.058,    1.058,   1.0548,   1.1023,   1.0991,   1.0984,   1.0976,   1.0971,   1.0966,   1.0966,   1.0962,   1.0947,   1.0924,   1.0917,   1.0908,   1.0899,   1.0892,   1.0887,   1.0887,   1.0887,   1.0887,   1.0875,   1.0875,   1.0841,   1.0819,   1.0791,   1.0791,   1.0791,   1.0791,   1.0756,   1.0756,   1.0756,   1.0756,   1.1085,   1.1068,   1.1051,    1.104,   1.1025,   1.1015,   1.1007,   1.0997,   1.0997,   1.0978,    1.097,    1.097,   1.0961,    1.095,    1.095,   1.0937,   1.0937,   1.0937,   1.0923,   1.0905,   1.0905,   1.0905,   1.0884,   1.0857,   1.0857,   1.0857,   1.0823,   1.0823,   1.0823,   1.0823,   1.0514,   1.0609,   1.0762,   1.0539,   1.0503,   1.0452,   0.9927,   1.0235,   1.0204,   0.9812,   0.9505,   0.9424,   1.0363,   0.8925,   0.8395,   1.0123,   0.8988,   0.9505,   0.9678,   0.9563,   0.9899,   0.7706,   0.7017,    0.929,    0.729,   0.8371,   0.8224,   0.8579,   0.7263,   0.8582,   0.6268,   -0.554,   -0.055,  -0.7692,  -0.8721,  -0.6501,   0.5199,   0.7036 ],
"Freq": [      180,      146,      117,       89,       79,       76,      130,      106,      100,       57,       58,       42,       60,       91,       38,       36,       44,       39,       32,       31,       34,       31,       28,       33,       27,       25,       25,       25,       25,       24, 75.93546, 42.56835, 31.44598, 25.37923,  24.3681, 23.35698, 17.29023, 17.29023, 15.26798, 14.25686, 13.24573, 13.24573, 11.22348, 11.22348, 11.22348, 11.22348, 11.22348, 177.0479, 10.21236, 9.201235, 9.201235, 9.201235, 9.201235, 9.201235, 9.201235,  8.19011,  8.19011,  8.19011,  8.19011, 7.178985, 89.07055,   36.451, 32.62412, 28.79725, 26.88381, 24.97037, 24.97037, 24.01365, 20.18677,  16.3599, 15.40318, 14.44646, 13.48974, 78.54664, 12.53302, 12.53302, 12.53302, 12.53302,  11.5763,  11.5763, 9.662863, 8.706144, 7.749425, 7.749425, 7.749425, 7.749425, 6.792706, 6.792706, 6.792706, 6.792706, 117.4687, 56.82708, 38.24335, 31.39672, 25.52817,  22.5939, 20.63772, 18.68154, 18.68154, 15.74726, 14.76917, 14.76917, 13.79108, 12.81299, 12.81299,  11.8349,  11.8349,  11.8349, 10.85681, 9.878718, 9.878718, 9.878718, 8.900627, 7.922536, 7.922536, 7.922536, 6.944445, 6.944445, 6.944445, 6.944445, 38.52385, 140.7334,  33.3529, 42.19131, 21.14349, 31.39672, 53.69072, 19.31248, 18.30136, 53.67194, 86.20039, 90.08217, 15.74726, 104.7535, 71.89097, 12.53302, 25.37923, 17.70345, 13.79108, 13.48974, 12.23461, 26.50626, 29.42373,  11.5763, 23.57199, 16.72535, 15.74726, 12.23461, 17.70345,  11.5763, 12.23461, 25.37923, 13.48974,  16.3599, 14.25686, 15.74726, 12.81299,  11.8349 ],
"Total": [      180,      146,      117,       89,       79,       76,      130,      106,      100,       57,       58,       42,       60,       91,       38,       36,       44,       39,       32,       31,       34,       31,       28,       33,       27,       25,       25,       25,       25,       24, 76.12894, 42.76183, 31.63946, 25.57271, 24.56159, 23.55046, 17.48371, 17.48371, 15.46146, 14.45034, 13.43921, 13.43921, 11.41697, 11.41697, 11.41697, 11.41697, 11.41697, 180.1116, 10.40584, 9.394716, 9.394716, 9.394716, 9.394716, 9.394716, 9.394716, 8.383591, 8.383591, 8.383591, 8.383591, 7.372466, 89.26947, 36.64992, 32.82304, 28.99617, 27.08273, 25.16929, 25.16929, 24.21257, 20.38569, 16.55882,  15.6021, 14.64538, 13.68866, 79.75668, 12.73194, 12.73194, 12.73194, 12.73194, 11.77522, 11.77522, 9.861785, 8.905065, 7.948346, 7.948346, 7.948346, 7.948346, 6.991627, 6.991627, 6.991627, 6.991627, 117.6655, 57.02387, 38.44014,  31.5935, 25.72496, 22.79068,  20.8345, 18.87832, 18.87832, 15.94405, 14.96596, 14.96596, 13.98787, 13.00978, 13.00978, 12.03168, 12.03168, 12.03168, 11.05359,  10.0755,  10.0755,  10.0755, 9.097412, 8.119321, 8.119321, 8.119321,  7.14123,  7.14123,  7.14123,  7.14123, 39.69542, 146.9991,  34.5064, 44.37945,  22.3205, 33.50694,  58.6678, 20.46268, 19.45156,  60.7175, 100.5551, 106.5432, 16.95517, 130.2284, 91.56078, 13.74307, 30.46317, 20.77039,  15.9013, 15.64484, 13.40618, 37.22696, 43.01128, 13.79747, 34.51031, 21.97776, 20.99967, 15.29825, 25.98923,  14.8086, 19.27473, 130.2284, 43.01128, 106.5432, 100.5551, 91.56078, 23.12102,   17.772 ],