{
 "mdsDat": {
 "x": [ 0.2072513, 0.2056198, -0.4128712 ],
"y": [ 0.2587553, -0.2594378, 0.0006825615 ],
"topics": [ 1, 2, 3 ],
"Freq": [ 39.98322, 31.39478,   28.622 ],
"cluster": [        1,        1,        1 ] 
},
"tinfo": {
 "Term": [ "景點", "泥漿", "沒有", "特別", "有趣", "泥火山", "到達", "看到", "蚊子", "世界", "小滾水", "不好", "步道", "開車", null, null, null, null, null, null, null, null, null, null, null, null, null, null, null, null, "蚊子", "小滾水", "不好", "步道", "開車", "泥火山", "世界", "到達", "看到", "有趣", "沒有", "特別", "泥漿", "景點", null, "泥漿", "沒有", "特別", "世界", "泥火山", "小滾水", "不好", "步道", "開車", "到達", "看到", "有趣", "蚊子", "景點", null, "景點", "有趣", "到達", "看到", "小滾水", "不好", "步道", "開車", "世界", "蚊子", "沒有", "特別", "泥漿", "泥火山", null ],
"logprob": [       30,       29,       28,       27,       26,       25,       24,       23,       22,       21,       20,       19,       18,       17,       16,       15,       14,       13,       12,       11,       10,        9,        8,        7,        6,        5,        4,        3,        2,        1,  -1.7956,  -2.1309,  -2.1309,  -2.1309,  -2.1309,  -1.0349,  -7.6563,  -7.6563,  -7.6563,  -7.6563,  -7.6563,  -7.6563,  -7.6563,  -7.6563, null,  -1.3925,  -1.5257,  -1.5257,   -1.861,   -1.861,  -7.3865,  -7.3865,  -7.3865,  -7.3865,  -7.3865,  -7.3865,  -7.3865,  -7.3865,  -7.3865, null,  -0.8104,  -1.5818,  -1.7635,  -1.7635,  -7.2889,  -7.2889,  -7.2889,  -7.2889,  -7.2889,  -7.2889,  -7.2889,  -7.2889,  -7.2889,  -7.2889, null ],
"loglift": [       30,       29,       28,       27,       26,       25,       24,       23,       22,       21,       20,       19,       18,       17,       16,       15,       14,       13,       12,       11,       10,        9,        8,        7,        6,        5,        4,        3,        2,        1,   0.9109,   0.9085,   0.9085,   0.9085,   0.9085,   0.6202,  -4.6446,  -4.6497,  -4.6497,    -4.83,  -4.9777,  -4.9777,  -5.1102,  -5.5979, null,   1.1536,   1.1529,   1.1529,   1.1507,  -0.2058,  -4.3471,  -4.3471,  -4.3471,  -4.3471,  -4.3798,  -4.3798,  -4.5602,  -4.6801,  -5.3281, null,    1.248,   1.2445,   1.2432,   1.2432,  -4.2495,  -4.2495,  -4.2495,  -4.2495,  -4.2772,  -4.5825,  -4.6103,  -4.6103,  -4.7428,  -5.6338, null ],
"Freq": [       13,        8,        7,        7,        6,       19,        5,        5,        6,        5,        4,        4,        4,        4, null, null, null, null, null, null, null, null, null, null, null, null, null, null, null, null, 6.837812, 4.889717, 4.889717, 4.889717, 4.889717, 14.63019, 0.01948095, 0.01948095, 0.01948095, 0.01948095, 0.01948095, 0.01948095, 0.01948095, 0.01948095, null, 8.034067, 7.032313, 7.032313, 5.028805, 5.028805, 0.02003508, 0.02003508, 0.02003508, 0.02003508, 0.02003508, 0.02003508, 0.02003508, 0.02003508, 0.02003508, null, 13.10923, 6.061256, 5.054403, 5.054403, 0.02013706, 0.02013706, 0.02013706, 0.02013706, 0.02013706, 0.02013706, 0.02013706, 0.02013706, 0.02013706, 0.02013706, null ],
"Total": [       13,        8,        7,        7,        6,       19,        5,        5,        6,        5,        4,        4,        4,        4, null, null, null, null, null, null, null, null, null, null, null, null, null, null, null, null, 6.877984,  4.92989,  4.92989,  4.92989,  4.92989, 19.67913, 5.068423, 5.093919, 5.093919, 6.100772, 7.071931, 7.071931, 8.073685, 13.14874, null, 8.073685, 7.071931, 7.071931, 5.068423, 19.67913,  4.92989,  4.92989,  4.92989,  4.92989, 5.093919, 5.093919, 6.100772, 6.877984, 13.14874, null, 13.14874, 6.100772, 5.093919, 5.093919,  4.92989,  4.92989,  4.92989,  4.92989, 5.068423, 6.877984, 7.071931, 7.071931, 8.073685, 19.67913, null ],
"Category": [ "Default", "Default", "Default", "Default", "Default", "Default", "Default", "Default", "Default", "Default", "Default", "Default", "Default", "Default", "Default", "Default", "Default", "Default", "Default", "Default", "Default", "Default", "Default", "Default", "Default", "Default", "Default", "Default", "Default", "Default", "Topic1", "Topic1", "Topic1", "Topic1", "Topic1", "Topic1", "Topic1", "Topic1", "Topic1", "Topic1", "Topic1", "Topic1", "Topic1", "Topic1", "Topic1", "Topic2", "Topic2", "Topic2", "Topic2", "Topic2", "Topic2", "Topic2", "Topic2", "Topic2", "Topic2", "Topic2", "Topic2", "Topic2", "Topic2", "Topic2", "Topic3", "Topic3", "Topic3", "Topic3", "Topic3", "Topic3", "Topic3", "Topic3", "Topic3", "Topic3", "Topic3", "Topic3", "Topic3", "Topic3", "Topic3" ] 
},
"token.table": {
 "Term": [ "小滾水", "不好", "世界", "有趣", "步道", "沒有", "到達", "泥火山", "泥火山", "泥漿", "看到", "特別", "蚊子", "景點", "開車" ],
"Topic": [ 1, 1, 2, 3, 1, 2, 3, 1, 2, 2, 3, 2, 1, 3, 1 ],
"Freq": [ 1.014221, 1.014221, 0.9865001, 0.9834821, 1.014221, 0.9898286, 0.9815626, 0.7622287, 0.2540762, 0.9908734, 0.9815626, 0.9898286,  1.01774, 0.9886876, 1.014221 ] 
},
"R":       30,
"lambda.step":     0.01,
"plot.opts": {
 "xlab": "PC1",
"ylab": "PC2" 
},
"topic.order": [ 3, 2, 1 ] 
}