{
 "mdsDat": {
 "x": [ 0.3772031, -0.1205914, -0.2566117 ],
"y": [ 0.05740632, -0.2674967, 0.2100904 ],
"topics": [ 1, 2, 3 ],
"Freq": [ 35.50466, 33.82938, 30.66597 ],
"cluster": [        1,        1,        1 ] 
},
"tinfo": {
 "Term": [ "地方", "視野", "國道", "道路", "風景", "夜景", "看到", "三號", "風景優美", "騎單車", "世界", "燕巢", "隧道", "腳踏車", "適合", "景色", "遠眺", "路線", "地點", "空氣", "旗山", "不錯", "非常", "很多", "美景", "遼闊", "欣賞", "南二高", "雲海", "聖地", "國道", "看到", "三號", "世界", "燕巢", "隧道", "景色", "遠眺", "旗山", "欣賞", "南二高", "天氣", "眺望", "山上", "地形", "漂亮", "台南", "平原", "地區", "香菇", "惡地", "上方", "山脈", "山頂", "好時", "位於", "屏東", "電台", "景點", "休閒", "騎單車", "適合", "地點", "空氣", "雲海", "聖地", "練車", "夕陽", "拍照", "國三", "鳥瞰", "日落", "很美", "腳力", "觀賞", "地方", "高速公路", "夜景", "琉璃", "風景", "不錯", "很漂亮", "很棒", "單車", "沒有", "自行車", "景點", "騎車", "開車", "風景優美", "視野", "道路", "腳踏車", "路線", "非常", "很多", "美景", "遼闊", "小心", "上山", "跑步", "開闊", "可惜", "皮蛋", "好去處", "汽車", "建議", "路燈", "運動", "機車", "風景優美", "開車", "騎車", "景觀", "自行車", "沒有", "單車", "很棒", "不錯", "休閒", "夜景", "風景", "地方" ],
"logprob": [       30,       29,       28,       27,       26,       25,       24,       23,       22,       21,       20,       19,       18,       17,       16,       15,       14,       13,       12,       11,       10,        9,        8,        7,        6,        5,        4,        3,        2,        1,  -2.4545,   -2.799,  -3.0669,  -3.1468,  -3.1468,  -3.1468,  -3.2336,  -3.2336,  -3.3288,  -3.4339,  -3.4339,  -3.5514,  -3.5514,  -3.6846,  -3.6846,  -3.6846,  -3.8383,  -3.8383,  -3.8383,  -3.8383,  -3.8383,  -4.0199,  -4.0199,  -4.0199,  -4.0199,  -4.0199,  -4.0199,  -4.0199,  -3.2336,  -4.5281,   -3.136,  -3.2229,   -3.318,   -3.318,  -3.5406,  -3.5406,  -3.6738,  -3.8275,  -3.8275,  -3.8275,  -3.8275,  -4.0091,  -4.0091,  -4.0091,  -4.0091,  -1.7101,  -4.2313,   -2.326,  -4.0091,  -2.1562,  -2.9821,  -4.5173,  -4.2313,   -3.318,  -4.2313,  -4.5173,  -4.2313,  -4.9195,  -5.6028,  -4.9195,  -1.9478,  -2.6122,  -3.1991,  -3.3043,  -3.4218,  -3.4218,  -3.4218,  -3.4218,  -3.5549,  -3.7086,  -3.7086,  -3.7086,  -3.8903,  -3.8903,  -3.8903,  -3.8903,  -3.8903,  -3.8903,  -3.8903,  -3.8903,  -2.8632,  -4.1124,  -3.5549,  -4.1124,  -3.7086,  -4.1124,  -3.4218,  -4.3984,  -3.3043,  -4.8006,  -3.4218,  -3.0669,  -3.8903 ],
"loglift": [       30,       29,       28,       27,       26,       25,       24,       23,       22,       21,       20,       19,       18,       17,       16,       15,       14,       13,       12,       11,       10,        9,        8,        7,        6,        5,        4,        3,        2,        1,   1.0339,   1.0332,   1.0325,   1.0323,   1.0323,   1.0323,    1.032,    1.032,   1.0316,   1.0312,   1.0312,   1.0307,   1.0307,     1.03,     1.03,     1.03,   1.0291,   1.0291,   1.0291,   1.0291,   1.0291,   1.0278,   1.0278,   1.0278,   1.0278,   1.0278,   1.0278,   1.0278,   0.7331,   0.5262,   1.0804,   1.0801,   1.0797,   1.0797,   1.0787,   1.0787,    1.078,    1.077,    1.077,    1.077,    1.077,   1.0757,   1.0757,   1.0757,   1.0757,   0.9859,   0.8494,   0.8186,   0.7319,   0.7312,    0.578,   0.5525,   0.5117,   0.4854,   0.3777,  -0.2324,  -0.2646,  -0.4331,  -0.5343,  -1.0075,   1.1809,   1.1798,    1.178,   1.1776,   1.1771,   1.1771,   1.1771,   1.1771,   1.1763,   1.1754,   1.1754,   1.1754,   1.1741,   1.1741,   1.1741,   1.1741,   1.1741,   1.1741,   1.1741,   1.1741,   1.0487,    0.956,   0.9314,   0.6117,   0.5763,   0.4966,   0.3817,   0.3445,   0.2559,   0.2537,  -0.2772,  -0.1795,  -1.1942 ],
"Freq": [       53,       34,       24,       17,       44,       34,       17,       13,       15,       11,       12,       12,       12,       10,       10,       11,       11,        9,        9,        9,       10,       22,        8,        8,        8,        8,        9,        9,        7,        7, 24.30969, 17.22527, 13.17703, 12.16497, 12.16497, 12.16497, 11.15291, 11.15291, 10.14085, 9.128785, 9.128785, 8.116725, 8.116725, 7.104664, 7.104664, 7.104664, 6.092604, 6.092604, 6.092604, 6.092604, 6.092604, 5.080543, 5.080543, 5.080543, 5.080543, 5.080543, 5.080543, 5.080543, 11.15291, 3.056423, 11.71668, 10.74192,  9.76715,  9.76715, 7.817619, 7.817619, 6.842854, 5.868088, 5.868088, 5.868088, 5.868088, 4.893323, 4.893323, 4.893323, 4.893323, 48.75777, 3.918557, 26.33816, 4.893323, 31.21199, 13.66621, 2.943792, 3.918557,  9.76715, 3.918557, 2.943792, 3.918557, 1.969026, 0.9942608, 1.969026,    34.85, 17.93252, 9.971359, 8.976214, 7.981068, 7.981068, 7.981068, 7.981068, 6.985922, 5.990777, 5.990777, 5.990777, 4.995631, 4.995631, 4.995631, 4.995631, 4.995631, 4.995631, 4.995631, 4.995631, 13.95194, 4.000485, 6.985922, 4.000485, 5.990777, 4.000485, 7.981068,  3.00534, 8.976214, 2.010194, 7.981068, 13.17703, 4.995631 ],
"Total": [       53,       34,       24,       17,       44,       34,       17,       13,       15,       11,       12,       12,       12,       10,       10,       11,       11,        9,        9,        9,       10,       22,        8,        8,        8,        8,        9,        9,        7,        7, 24.34909, 17.26467, 13.21643, 12.20436, 12.20436, 12.20436,  11.1923,  11.1923, 10.18024, 9.168183, 9.168183, 8.156123, 8.156123, 7.144063, 7.144063, 7.144063, 6.132002, 6.132002, 6.132002, 6.132002, 6.132002, 5.119942, 5.119942, 5.119942, 5.119942, 5.119942, 5.119942, 5.119942, 15.09137, 5.086112, 11.75683, 10.78206, 9.807294, 9.807294, 7.857763, 7.857763, 6.882998, 5.908232, 5.908232, 5.908232, 5.908232, 4.933467, 4.933467, 4.933467, 4.933467, 53.77364, 4.953847, 34.33947, 6.957588, 44.40892, 22.66267, 5.008057, 6.944138, 17.76846, 7.939284, 10.97893, 15.09137,  8.97519, 5.014987, 15.94121, 34.88974, 17.97226,  10.0111,  9.01595, 8.020804, 8.020804, 8.020804, 8.020804, 7.025659, 6.030513, 6.030513, 6.030513, 5.035368, 5.035368, 5.035368, 5.035368, 5.035368, 5.035368, 5.035368, 5.035368, 15.94121, 5.014987,  8.97519, 7.076403, 10.97893, 7.939284, 17.76846, 6.944138, 22.66267, 5.086112, 34.33947, 44.40892, 53.77364 ],
"Category": [ "Default", "Default", "Default", "Default", "Default", "Default", "Default", "Default", "Default", "Default", "Default", "Default", "Default", "Default", "Default", "Default", "Default", "Default", "Default", "Default", "Default", "Default", "Default", "Default", "Default", "Default", "Default", "Default", "Default", "Default", "Topic1", "Topic1", "Topic1", "Topic1", "Topic1", "Topic1", "Topic1", "Topic1", "Topic1", "Topic1", "Topic1", "Topic1", "Topic1", "Topic1", "Topic1", "Topic1", "Topic1", "Topic1", "Topic1", "Topic1", "Topic1", "Topic1", "Topic1", "Topic1", "Topic1", "Topic1", "Topic1", "Topic1", "Topic1", "Topic1", "Topic2", "Topic2", "Topic2", "Topic2", "Topic2", "Topic2", "Topic2", "Topic2", "Topic2", "Topic2", "Topic2", "Topic2", "Topic2", "Topic2", "Topic2", "Topic2", "Topic2", "Topic2", "Topic2", "Topic2", "Topic2", "Topic2", "Topic2", "Topic2", "Topic2", "Topic2", "Topic2", "Topic2", "Topic2", "Topic2", "Topic3", "Topic3", "Topic3", "Topic3", "Topic3", "Topic3", "Topic3", "Topic3", "Topic3", "Topic3", "Topic3", "Topic3", "Topic3", "Topic3", "Topic3", "Topic3", "Topic3", "Topic3", "Topic3", "Topic3", "Topic3", "Topic3", "Topic3", "Topic3", "Topic3", "Topic3", "Topic3", "Topic3", "Topic3", "Topic3", "Topic3", "Topic1", "Topic3" ] 
},
"token.table": {
 "Term": [ "三號", "上山", "上方", "夕陽", "小心", "山上", "山脈", "山頂", "不錯", "不錯", "天氣", "日落", "世界", "可惜", "台南", "平原", "皮蛋", "休閒", "休閒", "地方", "地方", "地形", "地區", "地點", "好去處", "好時", "自行車", "自行車", "自行車", "位於", "汽車", "沒有", "沒有", "夜景", "夜景", "拍照", "欣賞", "空氣", "非常", "南二高", "屏東", "建議", "很多", "很美", "很棒", "很棒", "很漂亮", "很漂亮", "看到", "美景", "風景", "風景", "風景優美", "風景優美", "香菇", "琉璃", "琉璃", "高速公路", "高速公路", "國三", "國道", "眺望", "鳥瞰", "單車", "單車", "惡地", "景色", "景點", "景點", "景觀", "景觀", "視野", "跑步", "開車", "開車", "開闊", "雲海", "聖地", "腳力", "腳踏車", "路線", "路燈", "運動", "道路", "電台", "旗山", "漂亮", "遠眺", "練車", "適合", "機車", "燕巢", "遼闊", "隧道", "騎車", "騎車", "騎單車", "觀賞" ],