{
 "mdsDat": {
 "x": [ -0.09732503, -0.2163019, 0.3136269 ],
"y": [ 0.2863897, -0.222091, -0.06429873 ],
"topics": [ 1, 2, 3 ],
"Freq": [ 33.55484,  33.2726, 33.17256 ],
"cluster": [        1,        1,        1 ] 
},
"tinfo": {
 "Term": [ "泥火山", "沒有", "特殊", "景點", "世界", "可惜", "步道", "泥漿", "地質", "看到", "維護", "有點", "特別", "很小", "值得", "規劃", "前往", "火山", "地景", "適合", "不錯", "園區", "地點", "過來", "地形", "大自然", "比較", "目前", "自然", "地方", "泥火山", "沒有", "景點", "維護", "前往", "小小", "不要", "有趣", "自然景觀", "走路", "特色", "開車", "地方", "特別", "景觀", "附近", "建議", "不好", "小滾水", "景色", "順道", "噴發", "小心", "沒什麼", "地形", "整修", "危險", "步行", "來看", "冒泡", "特殊", "步道", "泥漿", "火山", "地景", "不錯", "園區", "大自然", "比較", "目前", "自然", "世界", "地形", "小心", "建議", "不好", "整修", "特別", "地方", "走走", "沒什麼", "有點", "不要", "有趣", "自然景觀", "走路", "特色", "小滾水", "景色", "順道", "可惜", "地質", "看到", "很小", "值得", "規劃", "適合", "地點", "過來", "危險", "步行", "來看", "冒泡", "有點", "小滾水", "景色", "順道", "噴發", "走走", "沒什麼", "景觀", "附近", "整修", "開車", "不好", "世界", "不要", "有趣", "自然景觀", "走路", "世界", "特殊", "步道", "可惜", "泥漿", "泥火山", "沒有", "景點", "可惜", "景觀", "地質", "看到", "維護", "泥火山", "特別", "沒有", "特殊" ],
"logprob": [       30,       29,       28,       27,       26,       25,       24,       23,       22,       21,       20,       19,       18,       17,       16,       15,       14,       13,       12,       11,       10,        9,        8,        7,        6,        5,        4,        3,        2,        1,   -1.712,  -2.1485,  -2.2533,  -2.8367,   -2.941,  -3.3409,    -3.52,    -3.52,    -3.52,    -3.52,    -3.52,    -3.52,   -2.941,  -2.5031,  -3.3409,  -4.0178,  -4.4073,  -4.4073,  -5.0539,  -5.0539,  -5.0539,  -5.0539,  -5.0539,  -5.0539,  -5.0539,  -7.4518,  -7.4518,  -7.4518,  -7.4518,  -7.4518,  -2.1641,  -2.5412,  -2.6206,  -3.0219,  -3.0219,  -3.1537,  -3.1537,  -3.3055,  -3.3055,  -3.3055,  -3.3055,  -2.1641,  -3.0219,  -3.3055,  -3.3055,  -3.4846,  -3.9824,  -2.9055,  -3.9824,  -4.3719,  -5.0185,  -5.0185,  -7.4164,  -7.4164,  -7.4164,  -7.4164,  -7.4164,  -7.4164,  -7.4164,  -7.4164,  -2.5392,  -2.7199,  -2.7199,  -2.9405,  -2.9405,  -2.9405,  -3.0723,  -3.2241,  -3.2241,  -3.4032,  -3.4032,  -3.4032,  -3.4032,  -2.7199,  -3.6214,  -3.6214,  -3.6214,  -3.6214,  -3.0723,  -3.4032,  -3.2241,   -3.901,  -4.2905,  -4.9371,  -4.9371,  -4.2905,   -7.335,   -7.335,   -7.335,   -7.335,  -7.4518,  -7.4518,  -7.4518,  -7.4518,  -7.4518,  -7.4164,  -7.4164,  -7.4164,  -7.4164,  -7.4164,  -7.4164,  -7.4164,  -7.4164,   -7.335,   -7.335,   -7.335,   -7.335 ],
"loglift": [       30,       29,       28,       27,       26,       25,       24,       23,       22,       21,       20,       19,       18,       17,       16,       15,       14,       13,       12,       11,       10,        9,        8,        7,        6,        5,        4,        3,        2,        1,   1.0851,   1.0814,   1.0802,    1.071,   1.0688,   1.0575,   1.0509,   1.0509,   1.0509,   1.0509,   1.0509,    0.861,   0.7829,   0.5786,   0.3368,   0.3292,  -0.3036,  -0.3134,  -0.5634,  -0.5634,  -0.5634,  -0.5634,  -0.8247,  -0.8792,  -1.0674,  -2.9366,  -2.9804,  -2.9804,  -2.9804,  -2.9804,   1.0897,   1.0849,   1.0836,   1.0754,   1.0754,   1.0719,   1.0719,   1.0673,   1.0673,   1.0673,   1.0673,   0.9835,   0.9646,   0.9238,   0.7982,   0.6094,   0.5328,   0.1762,  -0.2585,  -0.4478,  -0.8437,  -1.2992,  -2.8455,  -2.8455,  -2.8455,  -2.8455,  -2.8455,  -2.9258,  -2.9258,  -2.9258,   1.0885,   1.0855,   1.0855,   1.0812,   1.0812,   1.0812,   1.0781,    1.074,    1.074,   1.0683,   1.0683,   1.0683,   1.0683,   0.9994,   0.8692,   0.8692,   0.8692,   0.8692,   0.8518,   0.7716,   0.4537,    0.446,   0.2248,  -0.5561,  -0.8432,  -1.1428,  -2.7641,  -2.7641,  -2.7641,  -2.7641,  -4.3042,   -4.198,  -3.8258,  -3.8242,  -3.7476,  -4.6192,  -4.1865,  -4.0828,  -3.7887,  -3.7386,   -3.611,   -3.611,  -3.5086,  -4.5378,  -4.2533,  -4.1051,  -4.0811 ],
"Freq": [       29,       18,       18,       16,       20,       12,       12,       11,       10,       10,        9,       11,       21,        8,        8,        8,        8,        7,        7,        7,        6,        6,        6,        6,        8,        6,        6,        6,        6,       11, 28.82951, 18.63258, 16.77859, 9.362639, 8.435645, 5.654663, 4.727669, 4.727669, 4.727669, 4.727669, 4.727669, 4.727669, 8.435645, 13.07061, 5.654663, 2.873681, 1.946687, 1.946687, 1.019693, 1.019693, 1.019693, 1.019693, 1.019693, 1.019693, 1.019693, 0.09269939, 0.09269939, 0.09269939, 0.09269939, 0.09269939, 18.19009, 12.47593, 11.52356, 7.714122, 7.714122, 6.761761, 6.761761,   5.8094,   5.8094,   5.8094,   5.8094, 18.19009, 7.714122,   5.8094,   5.8094,  4.85704, 2.952318, 8.666482, 2.952318, 1.999957, 1.047597, 1.047597, 0.09523607, 0.09523607, 0.09523607, 0.09523607, 0.09523607, 0.09523607, 0.09523607, 0.09523607, 12.46319, 10.40316, 10.40316, 8.343125, 8.343125, 8.343125, 7.313109, 6.283094, 6.283094, 5.253079, 5.253079, 5.253079, 5.253079, 10.40316, 4.223063, 4.223063, 4.223063, 4.223063, 7.313109, 5.253079, 6.283094, 3.193048, 2.163032, 1.133017, 1.133017, 2.163032, 0.1030015, 0.1030015, 0.1030015, 0.1030015, 0.09269939, 0.09269939, 0.09269939, 0.09269939, 0.09269939, 0.09523607, 0.09523607, 0.09523607, 0.09523607, 0.09523607, 0.09523607, 0.09523607, 0.09523607, 0.1030015, 0.1030015, 0.1030015, 0.1030015 ],
"Total": [       29,       18,       18,       16,       20,       12,       12,       11,       10,       10,        9,       11,       21,        8,        8,        8,        8,        7,        7,        7,        6,        6,        6,        6,        8,        6,        6,        6,        6,       11, 29.02775, 18.83082, 16.97683, 9.560876, 8.633882, 5.852901, 4.925907, 4.925907, 4.925907, 4.925907, 4.925907, 5.955922, 11.49096,  21.8401, 12.03299, 6.161965, 7.859089, 7.936744, 5.337993, 5.337993, 5.337993, 5.337993, 6.932095, 7.320369, 8.836817,  5.20805, 5.441014, 5.441014, 5.441014, 5.441014, 18.38579, 12.67163, 11.71927, 7.909823, 7.909823, 6.957462, 6.957462, 6.005101, 6.005101, 6.005101, 6.005101, 20.44582, 8.836817, 6.932095, 7.859089, 7.936744,  5.20805,  21.8401, 11.49096, 9.405766, 7.320369, 11.54345, 4.925907, 4.925907, 4.925907, 4.925907, 4.925907, 5.337993, 5.337993, 5.337993, 12.65112, 10.59109, 10.59109,  8.53106,  8.53106,  8.53106, 7.501045, 6.471029, 6.471029, 5.441014, 5.441014, 5.441014, 5.441014, 11.54345, 5.337993, 5.337993, 5.337993, 5.337993, 9.405766, 7.320369, 12.03299, 6.161965,  5.20805, 5.955922, 7.936744, 20.44582, 4.925907, 4.925907, 4.925907, 4.925907, 20.44582, 18.38579, 12.67163, 12.65112, 11.71927, 29.02775, 18.83082, 16.97683, 12.65112, 12.03299, 10.59109, 10.59109, 9.560876, 29.02775,  21.8401, 18.83082, 18.38579 ],