{
 "mdsDat": {
 "x": [ 0.2123132, 0.2017475, -0.4140606 ],
"y": [ 0.2420524, -0.2462054, 0.004153007 ],
"topics": [ 1, 2, 3 ],
"Freq": [ 55.21582, 27.24035, 17.54383 ],
"cluster": [        1,        1,        1 ] 
},
"tinfo": {
 "Term": [ "世界", "不要", "廢棄物", "石頭", "地方", "月球", "時間", null, null, null, null, null, null, null, null, null, null, null, null, null, null, null, null, null, null, null, null, null, null, null, "世界", "時間", "月球", "地方", "不要", "廢棄物", "石頭", null, "石頭", "地方", "月球", "不要", "廢棄物", "時間", "世界", null, "不要", "廢棄物", "地方", "時間", "石頭", "月球", "世界", null ],
"logprob": [       30,       29,       28,       27,       26,       25,       24,       23,       22,       21,       20,       19,       18,       17,       16,       15,       14,       13,       12,       11,       10,        9,        8,        7,        6,        5,        4,        3,        2,        1,  -0.5493,  -1.8462,  -1.3367,  -7.5533,  -7.5533,  -7.5533,  -7.5533, null,  -0.8927,   -1.228,   -1.228,  -6.7534,  -6.7534,  -6.7534,  -6.7534, null,  -0.7031,  -0.7031,  -6.2285,  -6.2285,  -6.2285,  -6.2285,  -6.2285, null ],
"loglift": [       30,       29,       28,       27,       26,       25,       24,       23,       22,       21,       20,       19,       18,       17,       16,       15,       14,       13,       12,       11,       10,        9,        8,        7,        6,        5,        4,        3,        2,        1,   0.5918,   0.5863,   0.1541,  -5.0328,  -5.1167,  -5.1167,  -5.3658, null,   1.2948,   1.2925,   0.2628,  -4.3169,  -4.3169,  -4.3209,  -5.6123, null,   1.7335,   1.7335,   -3.708,   -3.796,  -4.0411,  -4.7377,  -5.0874, null ],
"Freq": [       20,        5,        5,        7,        5,       14,        5, null, null, null, null, null, null, null, null, null, null, null, null, null, null, null, null, null, null, null, null, null, null, null, 20.72113, 5.664905, 9.428962, 0.01882028, 0.01882028, 0.01882028, 0.01882028, null,  7.25191, 5.185838, 5.185838, 0.02066071, 0.02066071, 0.02066071, 0.02066071, null, 5.645515, 5.645515, 0.02249209, 0.02249209, 0.02249209, 0.02249209, 0.02249209, null ],
"Total": [       20,        5,        5,        7,        5,       14,        5, null, null, null, null, null, null, null, null, null, null, null, null, null, null, null, null, null, null, null, null, null, null, null, 20.76428, 5.708058, 14.63729, 5.227151, 5.684996, 5.684996, 7.293222, null, 7.293222, 5.227151, 14.63729, 5.684996, 5.684996, 5.708058, 20.76428, null, 5.684996, 5.684996, 5.227151, 5.708058, 7.293222, 14.63729, 20.76428, null ],
"Category": [ "Default", "Default", "Default", "Default", "Default", "Default", "Default", "Default", "Default", "Default", "Default", "Default", "Default", "Default", "Default", "Default", "Default", "Default", "Default", "Default", "Default", "Default", "Default", "Default", "Default", "Default", "Default", "Default", "Default", "Default", "Topic1", "Topic1", "Topic1", "Topic1", "Topic1", "Topic1", "Topic1", "Topic1", "Topic2", "Topic2", "Topic2", "Topic2", "Topic2", "Topic2", "Topic2", "Topic2", "Topic3", "Topic3", "Topic3", "Topic3", "Topic3", "Topic3", "Topic3", "Topic3" ] 
},
"token.table": {
 "Term": [ "不要", "月球", "月球", "世界", "石頭", "地方", "時間", "廢棄物" ],
"Topic": [ 3, 1, 2, 1, 2, 2, 1, 3 ],
"Freq": [  1.05541, 0.6148678, 0.3415932, 1.011352, 0.9597953, 0.956544, 1.051146,  1.05541 ] 
},
"R":       30,
"lambda.step":     0.01,
"plot.opts": {
 "xlab": "PC1",
"ylab": "PC2" 
},
"topic.order": [ 1, 3, 2 ] 
}