{
 "mdsDat": {
 "x": [ 0.340372, -0.1638141, -0.1765579 ],
"y": [ 0.006552783, -0.2658032, 0.2592504 ],
"topics": [ 1, 2, 3 ],
"Freq": [ 33.84253, 33.14687,  33.0106 ],
"cluster": [        1,        1,        1 ] 
},
"tinfo": {
 "Term": [ "世界", "適合", "景觀", "地形", "特殊", "地方", "步道", "不錯", "地質", "走走", "景點", "沒有", "散步", "特別", "值得", "風景", "遊客", "規劃", "中心", "可惜", "很多", "惡地", "晚上", "停車", "公園", "景色", "附近", "月球", "拍照", "土雞", "世界", "地形", "特殊", "地質", "沒有", "惡地", "公園", "泥岩", "整修", "燈光", "景觀", "看看", "壯觀", "無法", "形成", "上去", "不會", "雨水", "地表", "表面", "值得一看", "植物", "一片", "一起", "好去處", "一點", "生長", "侵蝕", "介紹", "天然", "不錯", "規劃", "中心", "土雞", "施工", "好吃", "設施", "可能", "漂亮", "注意", "下午", "不同", "完全", "目前", "台灣", "傍晚", "不用", "需要", "光禿禿", "希望", "樹蔭", "親子", "遮陽", "慢慢", "一次", "大約", "體驗", "大概", "小心", "休閒", "適合", "走走", "景點", "散步", "風景", "可惜", "很多", "停車", "拍照", "欣賞", "一定", "運動", "應該", "旁邊", "太陽", "大小", "免費", "健行", "輕鬆", "小孩", "出遊", "沒水", "爬山", "自然", "完成", "冬天", "得來", "教育", "喜歡", "樓梯", "晚上", "景色", "值得", "特別", "遊客", "地方", "園區", "環境", "附近", "步道", "一下", "完善", "全家", "很漂亮", "月球", "觀景", "地景", "方便", "階梯", "一圈", "感覺", "奇特", "很棒", "獨特", "建議", "小時", "非常", "一遊", "現在", "土雞城", "防曬", "遮蔽物", "停車場", "土雞城", "地貌", "時間", "有點", "大自然", "天氣", "美麗", "非常", "步道", "乾淨", "夏天" ],
"logprob": [       30,       29,       28,       27,       26,       25,       24,       23,       22,       21,       20,       19,       18,       17,       16,       15,       14,       13,       12,       11,       10,        9,        8,        7,        6,        5,        4,        3,        2,        1,  -2.7332,  -3.0837,  -3.0837,  -3.3739,  -3.5582,  -3.9698,  -4.0328,  -4.3055,  -4.7238,  -4.7238,  -2.9953,  -4.8144,   -4.914,   -4.914,  -5.0246,  -5.0848,  -5.0848,  -5.0848,   -5.149,   -5.149,   -5.149,   -5.291,  -5.3704,  -5.3704,  -5.3704,  -5.4567,  -5.4567,  -5.4567,  -5.5511,  -5.5511,  -3.3642,  -3.7302,  -3.7979,  -4.2564,  -4.3134,  -4.4381,  -4.4719,  -4.5069,  -4.5807,  -4.6198,  -4.6605,  -4.6605,  -4.6605,  -4.7028,   -4.842,   -4.842,   -4.893,  -4.9468,  -5.0036,  -5.0639,  -5.0639,  -5.0639,   -5.128,  -5.1965,  -5.2701,  -5.2701,  -5.2701,  -5.3495,  -5.3495,  -5.3495,  -2.9004,  -3.4039,  -3.5129,  -3.6354,  -3.6798,  -3.9178,  -3.9371,  -4.0187,  -4.2048,  -4.4337,  -4.4664,  -4.4664,  -4.5714,  -4.6481,  -4.8702,  -4.9212,   -4.975,   -4.975,   -4.975,  -5.0319,  -5.1562,  -5.1562,  -5.1562,  -5.2248,  -5.2248,  -5.2983,  -5.2983,  -5.2983,  -5.2983,  -5.2983,  -3.9299,  -4.0119,  -3.5791,  -3.5316,  -3.6071,  -2.9502,  -4.1723,  -4.4055,  -3.8895,  -2.9367,  -4.8144,  -4.7028,  -4.8629,  -4.7754,  -3.8618,  -4.6814,  -4.1975,  -4.1309,  -5.0246,  -4.2025,  -4.2291,  -4.6017,  -4.5807,  -4.7311,  -4.1267,  -4.4719,  -4.1026,   -4.975,  -4.8629,  -4.1309,  -4.7238,  -5.0246,  -4.5069,  -4.3055,  -4.6198,   -4.975,  -4.5431,  -4.7028,  -4.8702,  -5.0246,  -4.8702,  -4.9212,  -5.0848,  -4.7028 ],
"loglift": [       30,       29,       28,       27,       26,       25,       24,       23,       22,       21,       20,       19,       18,       17,       16,       15,       14,       13,       12,       11,       10,        9,        8,        7,        6,        5,        4,        3,        2,        1,   1.0823,   1.0818,   1.0818,   1.0812,   1.0808,   1.0795,   1.0792,   1.0779,    1.075,    1.075,   1.0743,   1.0742,   1.0732,   1.0732,    1.072,   1.0713,   1.0713,   1.0713,   1.0705,   1.0705,   1.0705,   1.0685,   1.0673,   1.0673,   1.0673,   1.0659,   1.0659,   1.0659,   1.0641,   1.0641,    1.102,    1.101,   1.1008,   1.0988,   1.0985,   1.0977,   1.0975,   1.0972,   1.0967,   1.0964,   1.0961,   1.0961,   1.0961,   1.0957,   1.0945,   1.0945,    1.094,   1.0934,   1.0928,   1.0921,   1.0921,   1.0921,   1.0913,   1.0904,   1.0893,   1.0893,   1.0893,   1.0881,   1.0881,   1.0881,   1.1069,    1.106,   1.1057,   1.1054,   1.1052,   1.1044,   1.1043,    1.104,   1.1031,   1.1017,   1.1015,   1.1015,   1.1007,   1.1001,   1.0981,   1.0976,    1.097,    1.097,    1.097,   1.0963,   1.0948,   1.0948,   1.0948,   1.0938,   1.0938,   1.0927,   1.0927,   1.0927,   1.0927,   1.0927,   1.0609,   1.0793,   1.0777,   1.0423,   1.0603,   1.0484,   1.0316,   1.0674,   1.0285,   0.9753,   1.0297,   1.0537,   1.0271,   1.0538,   0.9654,   0.9974,   0.9179,   0.9457,   1.0175,   0.9312,   0.9102,   0.9069,   0.9593,   0.9362,    0.764,   0.8629,   0.7066,   0.9901,    0.899,   0.4859,   0.7502,   0.9659,   0.7293,   0.3113,   0.8217,   0.8935,   0.6938,   0.8731,   0.5906,    0.912,   -0.061,  -1.0093,   0.7139,    0.778 ],
"Freq": [      167,      138,      130,      118,      118,      139,      152,       87,       88,       83,       75,       73,       66,       78,       72,       63,       71,       60,       56,       50,       49,       48,       51,       45,       45,       46,       55,       61,       37,       35, 167.6787,  118.099,  118.099, 88.35113,  73.4772, 48.68732, 45.71254, 34.80499, 22.90585, 22.90585, 129.0065, 20.92266, 18.93947, 18.93947, 16.95628, 15.96468, 15.96468, 15.96468, 14.97309, 14.97309, 14.97309,  12.9899,  11.9983,  11.9983,  11.9983, 11.00671, 11.00671, 11.00671, 10.01511, 10.01511, 87.37787, 60.59918, 56.63196,  35.8041, 33.82049, 29.85328, 28.86147, 27.86967, 25.88606, 24.89426, 23.90246, 23.90246, 23.90246, 22.91065, 19.93525, 19.93525, 18.94344, 17.95164, 16.95984, 15.96803, 15.96803, 15.96803, 14.97623, 13.98443, 12.99262, 12.99262, 12.99262, 12.00082, 12.00082, 12.00082, 138.3656, 83.63389, 74.99204, 66.35019, 63.46958,  50.0267,  49.0665, 45.22567, 37.54403, 29.86239, 28.90218, 28.90218, 26.02157, 24.10116, 19.30013, 18.33992, 17.37972, 17.37972, 17.37972, 16.41951,  14.4991,  14.4991,  14.4991,  13.5389,  13.5389, 12.57869, 12.57869, 12.57869, 12.57869, 12.57869, 50.67051, 45.72213, 70.19102, 75.46039,  68.5336, 131.6442, 39.76297, 30.84508, 51.67295, 133.9926, 20.92266, 22.91065, 19.93106, 21.22054, 52.90732, 23.89744, 38.77137, 40.42465, 16.95628,  37.7877,  36.7959, 25.88063, 25.88606, 22.18074, 40.76311, 28.86147, 41.75492, 17.37972, 19.93106, 40.42465, 22.90585, 16.95628, 27.86967, 34.80499, 24.89426, 17.37972, 26.87787, 22.91065, 19.30013, 16.95628, 19.30013, 18.33992, 15.96468, 22.91065 ],
"Total": [      167,      138,      130,      118,      118,      139,      152,       87,       88,       83,       75,       73,       66,       78,       72,       63,       71,       60,       56,       50,       49,       48,       51,       45,       45,       46,       55,       61,       37,       35, 167.8739, 118.2942, 118.2942, 88.54633,  73.6724, 48.88252, 45.90774, 35.00019, 23.10105, 23.10105, 130.1935, 21.11786, 19.13467, 19.13467, 17.15148, 16.15988, 16.15988, 16.15988, 15.16829, 15.16829, 15.16829,  13.1851,  12.1935,  12.1935,  12.1935, 11.20191, 11.20191, 11.20191, 10.21031, 10.21031, 87.57305, 60.79436, 56.82714, 35.99928, 34.01567, 30.04846, 29.05665, 28.06485, 26.08124, 25.08944, 24.09764, 24.09764, 24.09764, 23.10583, 20.13043, 20.13043, 19.13862, 18.14682, 17.15502, 16.16321, 16.16321, 16.16321, 15.17141, 14.17961,  13.1878,  13.1878,  13.1878,   12.196,   12.196,   12.196, 138.5639, 83.83223, 75.19038, 66.54853, 63.66792, 50.22504, 49.26484, 45.42401, 37.74237, 30.06073, 29.10052, 29.10052, 26.21991,  24.2995, 19.49847, 18.53826, 17.57806, 17.57806, 17.57806, 16.61785, 14.69744, 14.69744, 14.69744, 13.73724, 13.73724, 12.77703, 12.77703, 12.77703, 12.77703, 12.77703, 51.82592, 46.87751, 72.37255,   78.631,  71.6094, 139.7769, 41.87858, 32.00047, 55.74034, 152.4317, 22.07806, 24.09743, 21.08647, 22.41047, 61.03863, 26.04465,  45.7512, 47.56561, 18.11168, 44.92405, 44.67272, 30.87686, 29.92207,  26.3463, 57.28178,  36.7383,  62.1458, 19.56146, 23.96709, 75.32882, 31.96408, 19.07189, 40.54752, 75.32882,  33.0222, 21.54527, 40.51592, 28.86707, 32.38921, 20.12689,  62.1458, 152.4317, 23.10251, 31.74768 ],